"Name","Host_name","Area","Price/night($)"
"Clean & quiet apt home by the park","John","Brooklyn","149"
"Skylit Midtown Castle","Jennifer","Manhattan","225"
"THE VILLAGE OF HARLEM....NEW YORK !","Elisabeth","Manhattan","150"
"Cozy Entire Floor of Brownstone","LisaRoxanne","Brooklyn","89"
"Entire Apt: Spacious Studio/Loft by central park","Laura","Manhattan","80"
"Large Cozy 1 BR Apartment In Midtown East","Chris","Manhattan","200"
"BlissArtsSpace!","Garon","Brooklyn","60"
"Large Furnished Room Near B'way ","Shunichi","Manhattan","79"
"Cozy Clean Guest Room - Family Apt","MaryEllen","Manhattan","79"
"Cute & Cozy Lower East Side 1 bdrm","Ben","Manhattan","150"
"Beautiful 1br on Upper West Side","Lena","Manhattan","135"
"Central Manhattan/near Broadway","Kate","Manhattan","85"
"Lovely Room 1, Garden, Best Area, Legal rental","Laurie","Brooklyn","89"
"Wonderful Guest Bedroom in Manhattan for SINGLES","Claudio","Manhattan","85"
"West Village Nest - Superhost","Alina","Manhattan","120"
"Only 2 stops to Manhattan studio","Allen & Irina","Brooklyn","140"
"Perfect for Your Parents + Garden","Jane","Brooklyn","215"
"Chelsea Perfect","Doti","Manhattan","140"
"Hip Historic Brownstone Apartment with Backyard","Adam And Charity","Brooklyn","99"
"Huge 2 BR Upper East  Cental Park","Sing","Manhattan","190"
"Sweet and Spacious Brooklyn Loft","Chaya","Brooklyn","299"
"CBG CtyBGd HelpsHaiti rm#1:1-4","Lisel","Brooklyn","130"
"CBG Helps Haiti Room#2.5","Lisel","Brooklyn","80"
"CBG Helps Haiti Rm #2","Lisel","Brooklyn","110"
"MAISON DES SIRENES1,bohemian apartment","Nathalie","Brooklyn","120"
"Sunny Bedroom Across Prospect Park","Gregory","Brooklyn","60"
"Magnifique Suite au N de Manhattan - vue Cloitres","Claude & Sophie","Manhattan","80"
"Midtown Pied-a-terre","Tommi","Manhattan","150"
"SPACIOUS, LOVELY FURNISHED MANHATTAN BEDROOM","Shon","Manhattan","44"
"Modern 1 BR / NYC / EAST VILLAGE","Dana","Manhattan","180"
"front room/double bed","Ssameer Or Trip","Manhattan","50"
"Spacious 1 bedroom in luxe building","Teri","Manhattan","52"
"Loft in Williamsburg Area w/ Roof","Andrea","Brooklyn","55"
"back room/bunk beds","Ssameer Or Trip","Manhattan","50"
"Large B&B Style rooms","Angela","Brooklyn","70"
"Lovely room 2 & garden; Best area, Legal rental","Laurie","Brooklyn","89"
"Clean and Quiet in Brooklyn","Vt","Brooklyn","35"
"Cute apt in artist's home","Tyrome","Brooklyn","85"
"Country space in the city","Harriet","Brooklyn","150"
"LowerEastSide apt share shortterm 1","Ben","Manhattan","40"
"ENJOY Downtown NYC!","Edward","Manhattan","68"
"Beautiful Sunny Park Slope Brooklyn","Abdul","Brooklyn","120"
"1bdr w private bath. in lofty apt","Yolande","Brooklyn","120"
"West Side Retreat","Cyn","Manhattan","135"
"BEST BET IN HARLEM","Earl","Manhattan","150"
"Entire apartment in central Brooklyn neighborhood.","Rana","Brooklyn","150"
"1 Stop fr. Manhattan! Private Suite,Landmark Block","Orestes","Queens","130"
"Charming Brownstone 3 - Near PRATT","Adreinne","Brooklyn","110"
"bright and stylish duplex","Jennifer","Brooklyn","115"
"Fort Greene brownstone ","Alexander","Brooklyn","80"
"Blue Room for 2 in Brownstone for $1350 monthly","JT And Tiziana","Brooklyn","80"
"Cozy 1BD on Central Park West in New York City","Joya","Manhattan","151"
"* ORIGINAL BROOKLYN LOFT *","James","Brooklyn","228"
"Greenpoint Place...Has It All! ","Jeanne","Brooklyn","144"
"Beautiful Apartment in Manhattan!!!","Francesca","Manhattan","200"
"Williamsburg 1 bedroom Apartment","Joanna","Brooklyn","150"
"Great Location, Manhattan Bedroom!","Bianca","Manhattan","110"
"Best Location in NYC! TIMES SQUARE!","Luiz","Manhattan","69"
"Room in Greenpoint Loft w/ Roof","Andrea","Brooklyn","49"
"**Bright Nolita Apt w Doorman/Elevators/Gym**","Ted","Manhattan","180"
"Very, very cozy place","Cristina","Brooklyn","80"
"Sunny & Spacious Chelsea Apartment","Petra","Manhattan","375"
"2 bedroom - Upper East Side-great for kids","D","Manhattan","250"
"Comfortable 4-bedroom apt in family house.","Dimitri","Brooklyn","200"
"Double Room w Private Deck Clinton Hill Best Area","Patricia","Brooklyn","55"
"Your Heaven in Hells Kitchen","Mark","Manhattan","52"
"Light-filled 2B duplex in the heart of Park Slope!","Sara","Brooklyn","225"
"Sunny, Modern room in East Village!","Reka","Manhattan","80"
"*HAVEN LOFT - Entire Floor - Six Windows - Bricks*","Daniel","Brooklyn","275"
"Large Room in Amazing East Village Apt","Casey","Manhattan","99"
"SpaHa Loft: Enormous and Bright","Robin","Manhattan","225"
"Lovely EV Artist's Home","Anna","Manhattan","230"
"Cool Room in Hell's Kitchen","Enzo","Manhattan","51"
"HARLEM, NEW YORK WELCOMES YOU!!","Tye And Etienne","Manhattan","65"
"BLUE TRIM GUEST HOUSE","George","Brooklyn","105"
"Charming East Village One Bedroom Flat","Josh","Manhattan","190"
"Manhattan Room","Victoria","Manhattan","200"
"Little King of Queens","Justin","Queens","70"
"Fort Greene Retreat on the Park","Blaise","Brooklyn","95"
"Beautiful Meatpacking District Loft","DAVID And RICK","Manhattan","150"
"Cozy 2 BR in Williamsburg ","LulÃº","Brooklyn","145"
"Spacious luminous apt Upper West NYC","Sybilla","Manhattan","110"
"Entire 2 Bedroom - Large & Sunny","JoLynn","Manhattan","285"
"Sunny, Spacious Top Floor Haven","Gaia","Brooklyn","130"
"Private room Great Deal at Lower East Side","Ana","Manhattan","94"
"perfect for a family or small group","Maggie","Brooklyn","800"
"2 bedroom Williamsburg Apt - Bedford L stop","Starlee","Brooklyn","105"
"Oh glorious spring!","Edward","Manhattan","60"
"Great Location for NYC","Pas","Manhattan","50"
"Cozy Bedroom in Williamsburg 3 BR","LulÃº","Brooklyn","85"
"Sunny room+Pvte office in huge loft","Augustin","Brooklyn","65"
"Spacious Prospect Heights Apartment","Sean & Lynette","Brooklyn","131"
"Large Parlor Room, Landmark Home 1 block to PRATT","Erica","Brooklyn","98"
"2-bed brownstone duplex + garden","Tracy","Brooklyn","250"
"Charming 1 bed GR8 WBurg LOCATION!","Christiana","Brooklyn","100"
"Sunny Apartment in Artist Home","Tyrome","Brooklyn","105"
"Light-filled classic Central Park ","Dana","Manhattan","140"
"Upper Manhattan, New York","Elliott","Manhattan","89"
"COZY QUIET room 4 DOOGLERS!","Olan","Manhattan","98"
"The Stuydio Modern and Light Filled","Shelly","Brooklyn","125"
"loft bed - near transportation-15min to times sq","Ssameer Or Trip","Manhattan","60"
"House On Henry (3rd FLR Suite)","Annette","Brooklyn","175"
"Monkey Retreat Manhattan","Meka","Manhattan","65"
"2000 SF 3br 2bath West Village private  townhouse","Ann","Manhattan","500"
"Williamsburgâ€”Steps To Subway, Private Bath&Balcony","Seth","Brooklyn","101"
"Beautiful Duplex Apartment","Brenda","Brooklyn","220"
"Large 2 Bedroom Great for Groups!","Shelly","Brooklyn","125"
"Modern Brooklyn Apt., August sublet","Erik","Brooklyn","80"
"1,800 sq foot in luxury building","Dena","Manhattan","100"
"Sunny 2-story Brooklyn townhouse w deck and garden","Jessica","Brooklyn","200"
"Times Square, Safe, Clean and Cozy!","Luiz","Manhattan","59"
"Cozy Room #3, Landmark Home 1 Block to PRATT","Erica","Brooklyn","125"
"Beautiful Apartment East Village","Sally","Manhattan","140"
"Park Slope Green Guest House","Dani","Brooklyn","120"
"2 BR / 2 Bath Duplex Apt with patio! East Village","Bruce","Manhattan","350"
"NYC fabulous views Manhattan's eye","Nimo","Manhattan","199"
"2 story family home in Williamsburg","Alexandra","Brooklyn","325"
"Comfortable UWS 2-BD Family-Friendly Brownstone","Stacy","Manhattan","235"
"Great Large 1 BR apt  in East Village!","Bruce","Manhattan","225"
"Eveland Private Bed & Living Room w/ Own Entrance","Evelyn","Brooklyn","99"
"Sugar Hill Rest Stop ","Emma","Manhattan","170"
"3 Story Town House in Park Slope","Vero","Brooklyn","400"
"apartment next to Central park","Sylvie","Manhattan","170"
"East Village Sanctuary","Jen","Manhattan","100"
"Large 1  BR in a 3 BR Brooklyn apt. next to Q Trn.","Kay","Brooklyn","75"
"Modern Apt with Spectacular Views","Jo","Brooklyn","90"
"Garden studio in the Upper East Sid","Lisa","Manhattan","150"
"Secluded Master Bedroom in Beautiful Huge Apt","Fernando And Lenin","Manhattan","85"
"B & B Room 1","Angela","Brooklyn","70"
"ACCOMMODATIONS GALORE #1","Laurine","Manhattan","120"
"Sunny Room in New Condo","Chris","Brooklyn","89"
"Stylish & Sleek Apartment Near SoHo!","Uli","Manhattan","185"
"NYC artistsâ€™ loft with roof deck","Sol","Brooklyn","50"
"Unique & Charming small 1br Apt. LES","Cs","Manhattan","105"
"Most Central Location!","Lara","Manhattan","130"
"Luminous Beautiful West Village Studio","Tom","Manhattan","115"
"Sanctuary in East Flatbush","Sunder","Brooklyn","77"
"Room with En Suite Bathroom & Deck","Waldemar","Brooklyn","76"
"FLAT MACDONOUGH","Khem","Brooklyn","125"
"Huge Private  Floor at The Waverly","Sahr","Brooklyn","135"
"Modern Greenpoint, Brooklyn Apt","Ali+Scott","Brooklyn","250"
"Sun-drenched, artsy modernist 1 BDRM duplex","Elisabeth","Brooklyn","199"
"Sunny, Cobble Hill Apartment","Sarah","Brooklyn","140"
"Fully Furnished Basement Apartment","Fredah","Queens","140"
"FLAT MACDONOUGH GARDEN","Khem","Brooklyn","115"
"Light filled Williamsburg Apartment","Katherine","Brooklyn","160"
"Retreat in Williamsburg","Ming","Brooklyn","195"
"NYC Zen","Paula","Manhattan","195"
"Cozy BR in Wiliamsburg 3 Bedroom","LulÃº","Brooklyn","80"
"Sunny Room in Old Historical Brooklyn Townhouse","Obed","Brooklyn","44"
"Sun Filled Classic West Village Apt","Karen","Manhattan","156"
"Lg Rm in Historic Prospect Heights","Michael","Brooklyn","85"
"Classic Artist Loft Williamsburg","White","Brooklyn","125"
"Great location. Spacious on PROSPECT PARK","Paz","Brooklyn","115"
"Private Bdrm/Bathrm. New! Elevator!","Irene","Manhattan","69"
"Sunny, clean 1 bdrm in W. Village","Karene","Manhattan","225"
"Great location in Williamsburg","Viviana","Brooklyn","125"
"Light and Airy Upper East Side 1 BDR apartment","Sara","Manhattan","219"
"Luxury Brownstone in Boerum Hill","Sarah","Brooklyn","475"
"CENTRAL PARK LOFT all for YOU","Marie","Manhattan","99"
"Indie-Chic Share In Williamsburg","Gus","Brooklyn","69"
"A room w/ a Manhattan view, longer stay","Myung","Queens","79"
"Private, Large & Sunny 1BR w/W&D","RenÃ©e","Brooklyn","135"
"Luxurious Condo in DUBMO with View","Henry","Brooklyn","250"
"Charming & Cozy midtown loft any WEEK ENDS  !!!","Sylvia","Manhattan","250"
"* Spacious GARDEN Park Slope Duplex* 6 people max","Syl","Brooklyn","250"
"Convenient cozy cheap apt Manhattan","Lorenzo","Manhattan","80"
"Parlor Room In Victorian Townhouse","Waldemar","Brooklyn","70"
"House On Henry (2nd FLR Suite)","Annette","Brooklyn","165"
"New York room with a view","Newyorkroomwithaview","Staten Island","70"
"Sunny cozy room in Brklyn townhouse","Tessa","Brooklyn","50"
"Room with a View","Waundell","Bronx","40"
"Light+Open+Airy+Rustic+Modern Loft","Young","Brooklyn","150"
"West Inn 2 - East Village","Bruce","Manhattan","125"
"Financial District Luxury Loft","Coral","Manhattan","196"
"BROOKLYN VICTORIAN STYLE SUITE.....","Carol","Brooklyn","110"
"Your own Lovely West Village Studio","Sara","Manhattan","170"
"ACCOMMODATIONS GALORE#3. 1-5 GUESTS","Laurine","Manhattan","165"
"Greenwich Village Stylish Apartment","Myrna","Manhattan","150"
"Clean and Cozy Harlem Apartment","Campbell","Manhattan","100"
"Fort Greene, Brooklyn: Center Bedroom","Doug","Brooklyn","65"
"Beautiful Queens Brownstone! - 5BR","Mark","Queens","350"
"Couldn't Be Closer To Columbia Uni","Rahul","Manhattan","99"
"Bright Spacious Luxury Condo","Miyoung","Brooklyn","200"
"Park Slope haven 15 mins from Soho","Monica","Brooklyn","150"
"SAFE  AND BEAUTIFUL ACCOMODATION","Marylyn","Brooklyn","90"
"Large Room in private Brownstone in Park Slope","Kathleen R.","Brooklyn","120"
"NEW YORK CITY, 1 BDRM.(NEAR CENTRAL PARK & METRO)","Teresa","Manhattan","75"
"LARGE, COMFY 1BDR W/CHARACTER!!!","Robert","Brooklyn","175"
"Chelsea Studio sublet 1 - 2 months","Alex","Manhattan","125"
"LUX APT IN TIMES SQUARE NEW BUILDING","Claudia","Manhattan","275"
"Designer 1 BR Duplex w/ Terrace- Spectacular Views","Shane","Manhattan","299"
"Lovely Apt & Garden;  Legal;  Best Area; Amenities","Laurie","Brooklyn","135"
"1 Bedroom in 2 Bdrm Apt- Upper East","Jessica","Manhattan","130"
"Lower East Side $57~/night","Erina","Manhattan","83"
"Prime Location in Manhattan","Lee","Manhattan","123"
"( F) Excellent/Pvt Rm","Jullett","Queens","55"
"Quiet, sunny Midtown Manhattan apt.","Marlaine","Manhattan","195"
"Big Room/Washer-Dryer/Wifi/AC/JMZ","Charlotte","Brooklyn","80"
"cozy studio with parking spot","Mark","Queens","98"
"Clean and convenient 2BR apartment","Mark","Queens","140"
"3 floors of luxury!","Mark","Queens","265"
"The Instituteâ€”Heart of Williamsburg","Bob","Brooklyn","249"
"MIDTOWN WEST - Large alcove studio","Anka","Manhattan","105"
"Beautiful Uptown Manhattan apartmnt","Douglas","Manhattan","200"
"Sml Rm in pr Brst  Park Sl great for Med/students","Kathleen R.","Brooklyn","100"
"City Room - Private Penthouse Apt.","Wayne","Manhattan","121"
"Cozy bedroom by Yankee Stadium","Waundell","Bronx","45"
"Great apartment with private bathroom and entrance","Jenny","Manhattan","100"
"Private Garden Apt â€¢ New Renovation","Paul","Brooklyn","140"
"Modern comfort in art infused landmark Brownstone","Tami","Brooklyn","71"
"NOHO/EAST VILLAGE, PRIVATE 1/2 BATH","Jason","Manhattan","130"
"Sleek & Comfortable Soho Apt","Pete","Manhattan","199"
"Spacious Williamsburg Share w/ LOFT BED","Gus","Brooklyn","69"
"Cozy 2 br in sunny Fort Greene apt","Sally","Brooklyn","68"
"Cozy East Village Railroad 1 Bed!","Leonardo","Manhattan","130"
"1 Bedroom Loft w/ Private Roof Deck","Alex","Brooklyn","195"
"City Room - Private & Comfy Bedroom","Wayne","Manhattan","64"
"Elegant NYC Pad","Vasili","Queens","140"
"Clean & bright 1BR in Cobble Hill, GREAT location!","S.M.","Brooklyn","159"
"Modern, Large East Village Loft","Ori","Manhattan","189"
"Great new apt, close to everything","Ana","Manhattan","250"
"Quiet & Clean Retreat in the City","I","Manhattan","239"
"Stylish Large Gramercy Loft!","R","Manhattan","305"
"The Brownstone-Luxury 1 Bd Apt/NYC","Simon","Manhattan","155"
"PRIVATE Room on Historic Sugar Hill","Agnes","Manhattan","60"
"South Slope Green","Linda","Brooklyn","135"
"17 Flr. Manhattan Views, Nr. Subway","Dave","Manhattan","120"
"Spacious 1BR, Adorable Clean Quiet","Drica","Manhattan","150"
"Nice, clean, safe, convenient 3BR","Mark","Queens","140"
"Franklin St Flat in Trendy Greenpoint Brooklyn","Betty","Brooklyn","135"
"Artistic, Cozy, and Spacious w/ Patio! Sleeps 5","Ricardo & Ashlie","Manhattan","250"
"One bedroom Apt. in NYC","Leslie","Manhattan","250"
"Beautiful, elegant 3 bed SOHO loft","Harrison","Manhattan","500"
"Spacious Greenwich Village Apt","Jessica","Manhattan","225"
"SpaHa Studio Monthly Rental","Blanca","Manhattan","125"
"City Room - Private Luxury Suite","Wayne","Manhattan","92"
"Private Room/bath Luxurious Harlem","Cynthia","Manhattan","175"
"The gem of the East Village","Mich","Manhattan","99"
"Bright and spacious, garden below!","Rachel","Manhattan","195"
"ACCOMMODATIONS GALORE #2","Laurine","Manhattan","140"
"Colorful Private One Bedroom Apt","Greta","Manhattan","135"
"Huge Chelsea Loft","Frank","Manhattan","500"
"Great room in great location","Bethania","Manhattan","80"
"Exclusive Room with Private Bath in  LES","Tunji","Manhattan","120"
"Quiet, clean midtown apt w. elevato","Anna/Fonzy","Manhattan","110"
"BK Sweet Suite w/Kitchen&FullBath","Colette&Sean","Brooklyn","65"
"Great East Village Apartment Rental","Brie","Manhattan","130"
"BROWNSTONE SUNDRENCHED BEAUTY","Sheila","Brooklyn","99"
"A SpeciaL!! Private Room in NY","Lissette","Staten Island","36"
"B NYC Staten Alternative...","Lissette","Staten Island","37"
"C Private Room By The Ferry","Lissette","Staten Island","37"
"Smallest House In The Village","Olivia","Manhattan","175"
"Beautiful modern studio apartment in heart of NYC","Daniel","Manhattan","205"
"Beautiful Landmarked Duplex","Maya","Brooklyn","285"
"BROOKLYN > Guest Room w/ Queen Bed in Williamsburg","Scott","Brooklyn","59"
"D Private Che@p Room 2 Explore NYC","Lissette","Staten Island","36"
"Safe cute near subway& Manhattan NY NY retro style","Dennis & Naoko","Queens","99"
"Large and Cozy Private Bedroom","AntonÃ­n","Brooklyn","39"
"Small tidy bedroom in duplex","Emily","Brooklyn","60"
"LL3","Carol Gloria","Bronx","90"
"DOMINIQUE'S NY mini efficiency* wifi*metro*quiet","Vie","Bronx","105"
"Private, Large & Sunny Top Floor Apt  w/W&D","RenÃ©e","Brooklyn","135"
"Cottage in the Village","Olivia","Manhattan","390"
"BEDROOM1 FOR RENT 10min from Manhan","Helene","Brooklyn","70"
"HOSTING YOUR  SUNNY, SPACIOUS NYC ROOM","Paula","Manhattan","75"
"Williamsburg near soho. / loftbed","Kristian & Di","Brooklyn","60"
"Prime East Village 1 Bedroom","David","Manhattan","200"
"BROOKLYN  STUDIO APARTMENT","Niya","Brooklyn","100"
"BEDROOM2 FOR RENT  10min from Manh","Helene","Brooklyn","70"
"cozy bedroom in lovely garden apt","Debbie","Brooklyn","110"
"Crown Heights Garden Apt.","Anthony","Brooklyn","60"
"Amazing  Sunny & Breezy Home In the Heart of  NYC","Tilly","Manhattan","90"
"ENJOY Downtown NYC!!","Edward","Manhattan","68"
"Charming UWS Treehouse Apt","Claire","Manhattan","115"
"Share a HOME - $75 for 1 bdrm/++ for 2 - Brooklyn","Juhli","Brooklyn","75"
"Room in S3rd/Bedford, Williamsburg","Marlon","Brooklyn","60"
"CHARMING EAST VILLAGE 2 (or 1) BR","Mary D","Manhattan","129"
"Farmhouse Apartment in Williamsburg","Valerie","Brooklyn","130"
"Bright+Spacious Williamsburg Abode!","Larissa","Brooklyn","95"
"Suite Sugar Hill, Harlem, Private Rm in Hosted Apt","Eric","Manhattan","75"
"Beautiful 1 Bedroom Apt Park Slope","Jessica","Brooklyn","175"
"CHARMING CARROLL GARDENS APT.","Melissa","Brooklyn","190"
"Private Bedroom Brownstone Brooklyn","Alex","Brooklyn","49"
"East Village Loft with Piano & Patio","Samir","Manhattan","212"
"Lower East Side Magic Room","Tony","Manhattan","95"
"**Fantastic Williamsburg Apt**","Luis Fernando","Brooklyn","140"
"West Harlem Home Base - Eco-Apt.","Henning","Manhattan","135"
"Charming Garden Apt in Park Slope","Stefano","Brooklyn","150"
"Lovely, Modern, Garden Apartment","Jana","Brooklyn","190"
"Central Park 1BR sunny condo","Per","Manhattan","124"
"Cozy Garden Apartment  in Williamsburg","Adrienne","Brooklyn","135"
"SoHa comfort-by NW Central Park!","Elise","Manhattan","122"
"Cozy room in Upper West Side","Deda","Manhattan","109"
"Cozy Private Room in Apartment","Share","Manhattan","85"
"The Cozy Brownstone Inn (discount)!","Naimah","Brooklyn","145"
"Prewar Penthouse w Private Terrace","Violetta","Manhattan","195"
"Designer 2.5 BR Loft in Carroll Gardens by Subway","Jenna","Brooklyn","250"
"Bright Beautiful Brooklyn","Jason","Brooklyn","125"
"Unique spacious loft on the Bowery","Alicia","Manhattan","575"
"Nice renovated apt, prime location!","Silvia","Manhattan","150"
"Brooklyn Writer's Nook","Joab","Brooklyn","70"
"Private Bedroom in Large NYC Apartment","Mary And Geoff","Manhattan","90"
"Large, Sunny Room East Village NYC","Eyal","Manhattan","65"
"Great Large 3 BR/2 Bath Duplex with Private Patio!","Bruce","Manhattan","500"
"All That Jazz. Uptown style on Sugar Hill.","Kurt","Manhattan","250"
"Bright and lovely 1 bdrm apt in LES","Jennifer","Manhattan","125"
"Beautiful One Bed West Village - 4 Month Special","Ruperto","Manhattan","200"
"Gigantic Private Brooklyn Loft!","Ben","Brooklyn","229"
"Condo Apartment with laundry in unit","Thai","Bronx","90"
"1BR: See Central Park from Terrace!","Hudson","Manhattan","110"
"Private room in cozy Greenpoint","Vanessa","Brooklyn","59"
"Food & Music Dream Apartment in Williamsburg","Daniel","Brooklyn","195"
"French Garden cottage off Bedford","Patty","Brooklyn","169"
"Alcove Studio w/ outdoor Patio Deck","Amir","Manhattan","113"
"Luxury 3 bed/ 2 bath apt in Harlem w/ terrace","G & S","Manhattan","250"
"One Bedroom Mini studio - Free WIFI","Nazleen","Queens","115"
"Sunlit and Cozy Williamsburg/Greenpoint, Brooklyn","Allison","Brooklyn","55"
"BROOKLYN > Guest Room w/ King Bed in Williamsburg","Scott","Brooklyn","69"
"Bright Cozy Chinatown Studio Apt.","Patricia","Manhattan","150"
"Eveland the Place to Stay & Enjoy a 5-â­ï¸ 2bdrm","Evelyn","Brooklyn","169"
"Superior @ Box House","The Box House Hotel","Brooklyn","179"
"Hells Kitchen Garden of Eden","Moss Owen","Manhattan","150"
"Historic House Boerum Hill, BK, NYC","Nancy","Brooklyn","135"
"Lovely 3 bedroom in Italianate Brownstone w/garden","Bliss","Brooklyn","350"
"Williamsburg HUGE, PRIVATE BATH - Next to Train!","Pam","Brooklyn","120"
"Cozy room in East Village with AC","Jennifer","Manhattan","71"
"Duplex w/ Terrace @ Box House Hotel","The Box House Hotel","Brooklyn","349"
"Loft w/ Terrace @ Box House Hotel","The Box House Hotel","Brooklyn","349"
"Spacious 3 Bedroom Duplex in Park Slope","Ellis","Brooklyn","165"
"Loft w/ Terrace @ Box House Hotel","The Box House Hotel","Brooklyn","249"
"Columbia Castle in Brooklyn Heights","Christopher","Brooklyn","100"
"Columbia Castle 2 BR","Christopher","Brooklyn","200"
"Charming Artist's Flat, East Village","Sarah","Manhattan","169"
"BEAUTIFUL 2 BEDROOM APARTMENT","Ruthven","Brooklyn","185"
"Brooklyn Cove Studio Apt w/ Garden!!","Julian","Brooklyn","65"
"Ft. Greene garden gem, large and convenient","Leslie","Brooklyn","130"
"Williamsburg penthouse with private roof cabana","Sophie","Brooklyn","199"
"East Village Designer's 1-BR APT","Yvette","Manhattan","225"
"Superior @ Box House","The Box House Hotel","Brooklyn","179"
"So Much Room in Brooklyn","Famous","Brooklyn","150"
"Large Studio--Heart of East Village","Kyle","Manhattan","139"
"Huge.Bright.Clean.Safe. Private Room","Ange","Manhattan","95"
"Garden 1BR/1BA Brownstone Apt - 2 blocks to subway","Alex","Brooklyn","79"
"MODERN SPACIOUS 2 BR APT DOWNTOWN MANHATTAN","T","Manhattan","150"
"The Brooklyn Waverly","Sahr","Brooklyn","650"
"WONDERFUL, COMFORTABLE STUDIO","Marylyn","Brooklyn","90"
"MAISON DES SIRENES 2","Nathalie","Brooklyn","120"
"Modern, Safe, Clean, Bright Room in Astoria for 2","Savannah","Queens","80"
"LARGE 1BR (CONV 2BR) CROWN HEIGHTS","Sadatu","Brooklyn","100"
"The Vernon On Greene","Jason","Brooklyn","175"
"Beautiful, Brightâ€™s, Warm & Spacious 1.5BR Apt","Keishera","Brooklyn","120"
"Lovely 1BR in Tree-lined WBurg","Tessa","Brooklyn","140"
"Spacious Loft in Clinton Hill","Eduardo","Brooklyn","200"
"The Brooklyn Waverly, One Bedroom","Sahr","Brooklyn","165"
"LOVELY APARTMENT IN THE HEART OF NY","Shon","Manhattan","125"
"Groovy NYC Chelsea Pad","Peter Michael","Manhattan","130"
"Comfortable Cozy Space in El Barrio","Liz And Melissa","Manhattan","65"
"Sunny Bklyn Jewel  Fort Greene JULY  - AUG 2019","Wanda","Brooklyn","123"
"MANHATTAN Neat, Nice, Bright ROOM","Giorgio","Manhattan","67"
"Bienvenue","","Queens","50"
"Large Brand New Park Slope 1BR","Mi","Brooklyn","130"
"Colorful Artistic Williamsburg Apt","Lee And Tara","Brooklyn","100"
"UWS Brownstone Near Central Park","Chas","Manhattan","212"
"Artsy TopFloor Apt in PRIME BEDFORD Williamsburg","Ade","Brooklyn","190"
"2 BR w/ Terrace @ Box House Hotel","The Box House Hotel","Brooklyn","599"
"BOHEMIAN EAST VILLAGE 2 BED HAVEN","Jason","Manhattan","249"
"Oceanfront Apartment in Rockaway","Michelle","Queens","70"
"Private 1-Bedroom Apt in Townhouse","Alex","Brooklyn","100"
"Bright Room With A Great River View","Alicia","Manhattan","60"
"Tree lined block modern apartment","Olivia","Brooklyn","135"
"Sweet Historic Greenpoint Duplex","Maya","Brooklyn","175"
"Riverside Charm with Fire Place","Kai","Manhattan","120"
"Very Central, Nomad/Chelsea Loft Studio","Driss","Manhattan","169"
"Sunny 3BR Apt Ideal for Family  ","Marine","Brooklyn","165"
"Cozy Private Room in West Harlem!","Kelli","Manhattan","90"
"UES Quiet & Spacious 1 bdrm for 4","Olivia","Manhattan","225"
"ALL ABOUT A VERY COMFORTABLE ROOM..","Carol","Brooklyn","95"
"Brooklyn- Crown Heights Garden Apt.","Anthony","Brooklyn","55"
"Cozy room in Time Square!","Natalia","Manhattan","85"
"Large Park Slope Townhouse Duplex","Susi","Brooklyn","199"
"Lower East Side 2 Bedroom Apt","Tony","Manhattan","211"
"Manhattan Studio, Perfect Location","Andrey","Manhattan","145"
"Sun-Drenched Hamilton Hts Jewel   ","Jane","Manhattan","65"
"Your Stunning Vacation Apartment!","Will","Manhattan","99"
"1 BDRM Apt-Weekend Sublease","Lilly","Queens","110"
"ROOM WITH A  KITCHENETTE","Marylyn","Brooklyn","80"
"Conveniently Located, Sunny Brooklyn Heights!","LuLu","Brooklyn","150"
"Style in Stuyvesant Heights","Roberta","Brooklyn","110"
"Heart of Meatpacking & Chelsea","Paul","Manhattan","290"
"Spacious East Village apt near it all","Bobby","Manhattan","87"
"Williamsburg apartment right by the subway","Itamar","Brooklyn","190"
"Spacious Brooklyn Loft - 2 Bedroom","Vikram","Brooklyn","200"
"Park Slope Apt:, Spacious 2 bedroom","Elizabeth","Brooklyn","165"
"NYC Studio for Rent in Townhouse","Christopher","Manhattan","110"
"âš¡Quiet Gem w/roof deck on NY's Hottest Streetâš¡","Justin","Manhattan","395"
"Authentic New York City Living ","Rodney","Brooklyn","99"
"SUPER BIG AND COZY PRIVATE BEDROOM","AntonÃ­n","Brooklyn","39"
"â˜†Massive DUPLEXâ˜† 2BR & 2BTH East Village 9+ Guests","Seith","Manhattan","189"
"Gorgeous Upper West Side Apartment","Eric","Manhattan","85"
"Luxe, Spacious 2BR 2BA Nr Trains","Katharine","Brooklyn","260"
"City Room - Street View Apt","Wayne","Manhattan","122"
"Cozy and Bright One Bedroom in BK","Lauren","Brooklyn","165"
"Forest Hills Apt minutes to midtown Manhattan","Jean","Queens","97"
"Spacious West Village 1 b/room King","Catherine","Manhattan","170"
"Perfect Williamsburg Summer Haven","Holly","Brooklyn","125"
"Midtown cozy convenient","Tracy","Manhattan","130"
"Prime Williamsburg Apartment","Giovanni","Brooklyn","225"
"Private, spacious room in Brooklyn","Karen","Brooklyn","50"
"Garden apartment close to Manhattan","Christopher","Brooklyn","170"
"The Ground Studio - West Side","Jeff","Manhattan","132"
"Stunning arty 3200sf 3FLR+3BR townhome w/terrace","Irena","Brooklyn","250"
"Sunny and Spacious Designer's Home","Michael","Brooklyn","141"
"Spacious,Sunny, private one bedroom","Jessica","Brooklyn","64"
"Truly Amazing Oasis In The City","Daniel","Brooklyn","249"
"Holiday Time in NY - Oh My!!","Ivy","Brooklyn","79"
"East Village, King-Sized, Charmer","Dave","Manhattan","185"
"Affordable Furnished Apartment","Mark","Brooklyn","120"
"Architect's Brownstone","Orna","Brooklyn","495"
"LUXURY SOHO 2 Bedroom Apt ","Allison","Manhattan","375"
"Charming Nolita Apartment!!","Vanessa","Manhattan","175"
"EAST VILLAGE STUDIO, sunny & quiet","Josh","Manhattan","150"
"LUXURY OF THE HORIZON","Rinaldo","Manhattan","259"
"1 Bdrm in 4 Bdrm dupelx/roof deck","Jonathan","Manhattan","96"
"The Heart of Prime Williamsburg","Oliver","Brooklyn","145"
"Parisian apartment in Chelsea","Kristin","Manhattan","200"
"Cozy 2 Bedroom with Private Garden","Carolyn","Manhattan","95"
"Three-bedroom house in a quiet neighborhood","Meighan","Brooklyn","250"
"Beautiful Duplex w/Private Garden","Julie","Manhattan","295"
"NYC - Sunny Greenwich Village 1br","John","Manhattan","175"
"Garage Designer Loft","Mihalis","Brooklyn","451"
"Best City Area Columbia U Upper West Side C Park","B.","Manhattan","165"
"Your own apartment off Park Avenue","Nancy","Manhattan","250"
"Artsy 1 bedroom Apt. 20 min to 42nd Grand Central!","Dee, Dre & Mama Shelley","Bronx","77"
"Lower East Side 2 Bed Apt.","Peter","Manhattan","250"
"Astoria-Private Home NYC-","Gladys & Bob","Queens","129"
"BIG, COMFY , PRIV. ROOM, BIG APT, YARD, GREAT LOC.","M","Brooklyn","98"
"Park Slope Apartment","Wendy","Brooklyn","150"
"CHARMING PRIVATE BEDROOM EAST VILLAGE","Ewelina","Manhattan","95"
"City Room - Semi Private Bedroom","Wayne","Manhattan","55"
"Cozy apartment in a brownstone","William","Manhattan","300"
"Female Only Clean15min to Manhattan","Lucy","Queens","42"
"Greenpoint Spacious Loft","Pat","Brooklyn","125"
"Private E. Village Townhouse Stay","Donna","Manhattan","175"
"Harlem/Hamilton Heights Cozy Room","Kimberly","Manhattan","75"
"Incredible Prime Williamsburg Loft!","Meredith","Brooklyn","255"
"Large  Loft Style  Studio  Space","Tokunbo","Brooklyn","72"
"Hancock Town House!-Stuyvesant Mews","Fred","Brooklyn","165"
"Entire Apt in Heart of Williamsburg","Laura","Brooklyn","165"
"Clinton Hill + Free Coffee = #smile","Pepe","Brooklyn","75"
"Nice, cozy, neat apt Greenpoint,BK","Lennny & Megan","Brooklyn","130"
"PRIVATE and SUNNY Williamsburg Apt!","Amia","Brooklyn","139"
"Purple Room for 2/3 in brownstone $1450 per month","JT And Tiziana","Brooklyn","88"
"Red Room for two in Brownstone for $1355/mo","JT And Tiziana","Brooklyn","80"
"Chelsea living, 2BR best location","Kaye","Manhattan","150"
"LOCATION LOCATION LOCATION UWS 60's","Ligia","Manhattan","200"
"In the heart of East Village","James","Manhattan","200"
"Sunny 15min to Manhattan LADY only","Lucy","Queens","42"
"Surfer room 15mins to downtown NYC!","Alain","Brooklyn","90"
"Manhattan Penthouse-Max.12 guests","Robert ""Bob""","Manhattan","295"
"Prime Williamsburg 3 BR with Deck","Andres","Brooklyn","450"
"Beautiful Brooklyn Oasis ","Placid","Brooklyn","130"
"Blue Room in Awesome Artist's Apartment!","Jsun","Brooklyn","89"
"Cool & Spacious Harlem Artist Flat","Jorin","Manhattan","198"
"â˜† STUDIO East Village â˜† Own bath! â˜† Sleeps 4 â˜†","Seith","Manhattan","99"
"Greenpoint Loft / Le Chez Andrea","Andrea","Brooklyn","46"
"*SoHo: Clean, Safe, Private, Peaceful Bedroom (A)*","Jade","Manhattan","140"
"Amazing Brownstone in Best Brooklyn","Smadar","Brooklyn","500"
"Couldn't Be Closer To Columbia Uni2","Rahul","Manhattan","75"
"Lady only Curtain-divided room","Lucy","Queens","33"
"Nice Manhattan Apt Near Central Park and Subway","Giancarlo","Manhattan","250"
"LG Private Room/Family Friendly","Wanda","Brooklyn","60"
"Spacious Quiet rm - 20mins to Midtown","Yvette","Manhattan","75"
"3 BR, Beautiful Brooklyn Duplex","Jilly","Brooklyn","350"
"Spacious modern studio apartment in Manhattan","Daniel","Manhattan","205"
"Gorgeous Duplex + Garden","Adam","Brooklyn","219"
"CBG# 4Tiny room w/ huge window/AC","Lisel","Brooklyn","60"
"Charming upper west side apartment","Barbara","Manhattan","185"
"Light-filled East Village Delight","Chris","Manhattan","190"
"Sunny, quiet, legal homelike suite-Pk Slope South","Sara","Brooklyn","105"
"Spacious Duplex in Brownstone!","Benton","Manhattan","250"
"Lovely Vintage Havenâ€”Heart of UWS","Linda & Chris","Manhattan","175"
"Modern Space in Charming Pre-war","Alec","Manhattan","65"
"Warehouse Loft with Garden view","Julia","Brooklyn","75"
" Affordable & Cozy ","Vanessa","Bronx","37"
"Creative Vintage Loft in S. Williamsburg","Ali & SweetPea","Brooklyn","85"
"Very close to Downtown Awesome Private Apartment","Jeffrey","Brooklyn","106"
"The Happy home!","Lena","Manhattan","79"
"Fort Greene, Brooklyn: Front Bedroom","Doug","Brooklyn","85"
"Gorgeous 1 bdrm in huge duplex!","Benton","Manhattan","170"
"Sunny, cozy room in Lower East Side","Cheryl","Manhattan","115"
"Large Quiet Bedroom Near Columbia U","Jorin","Manhattan","89"
"Cozy Pre-War Harlem Apartment","Lewis","Manhattan","49"
"spacious studio","Jane","Brooklyn","91"
"Elegant 2-BR duplex, Union Square","Donna","Manhattan","400"
"Cozy private family home in Bushwick","Kris","Brooklyn","150"
"Luxury 2Bed/2.5Bath Central Park View","Henry","Manhattan","2000"
"Cosy Sunny 1brm in Prospect Heights","Jennifer","Brooklyn","97"
"East Village bedroom w rooftop","Cj","Manhattan","100"
